ID,Name,CountryCode,District,Info
1,Kabul,AFG,Kabol,"{"Population": 1780000}"
2,Qandahar,AFG,Qandahar,"{"Population": 237500}"
3,Herat,AFG,Herat,"{"Population": 186800}"
4,Mazar-e-Sharif,AFG,Balkh,"{"Population": 127800}"
5,Amsterdam,NLD,Noord-Holland,"{"Population": 731200}"
6,Rotterdam,NLD,Zuid-Holland,"{"Population": 593321}"
7,Haag,NLD,Zuid-Holland,"{"Population": 440900}"
8,Utrecht,NLD,Utrecht,"{"Population": 234323}"
9,Eindhoven,NLD,Noord-Brabant,"{"Population": 201843}"
10,Tilburg,NLD,Noord-Brabant,"{"Population": 193238}"
11,Groningen,NLD,Groningen,"{"Population": 172701}"
12,Breda,NLD,Noord-Brabant,"{"Population": 160398}"
13,Apeldoorn,NLD,Gelderland,"{"Population": 153491}"
14,Nijmegen,NLD,Gelderland,"{"Population": 152463}"
15,Enschede,NLD,Overijssel,"{"Population": 149544}"
16,Haarlem,NLD,Noord-Holland,"{"Population": 148772}"
17,Almere,NLD,Flevoland,"{"Population": 142465}"
18,Arnhem,NLD,Gelderland,"{"Population": 138020}"
19,Zaanstad,NLD,Noord-Holland,"{"Population": 135621}"
20,´s-Hertogenbosch,NLD,Noord-Brabant,"{"Population": 129170}"
21,Amersfoort,NLD,Utrecht,"{"Population": 126270}"
22,Maastricht,NLD,Limburg,"{"Population": 122087}"
23,Dordrecht,NLD,Zuid-Holland,"{"Population": 119811}"
24,Leiden,NLD,Zuid-Holland,"{"Population": 117196}"
25,Haarlemmermeer,NLD,Noord-Holland,"{"Population": 110722}"
26,Zoetermeer,NLD,Zuid-Holland,"{"Population": 110214}"
27,Emmen,NLD,Drenthe,"{"Population": 105853}"
28,Zwolle,NLD,Overijssel,"{"Population": 105819}"
29,Ede,NLD,Gelderland,"{"Population": 101574}"
30,Delft,NLD,Zuid-Holland,"{"Population": 95268}"
31,Heerlen,NLD,Limburg,"{"Population": 95052}"
32,Alkmaar,NLD,Noord-Holland,"{"Population": 92713}"
33,Willemstad,ANT,Curaçao,"{"Population": 2345}"
34,Tirana,ALB,Tirana,"{"Population": 270000}"
35,Alger,DZA,Alger,"{"Population": 2168000}"
36,Oran,DZA,Oran,"{"Population": 609823}"
37,Constantine,DZA,Constantine,"{"Population": 443727}"
38,Annaba,DZA,Annaba,"{"Population": 222518}"
39,Batna,DZA,Batna,"{"Population": 183377}"
40,Sétif,DZA,Sétif,"{"Population": 179055}"
41,"Sidi Bel Abbès",DZA,"Sidi Bel Abbès","{"Population": 153106}"
42,Skikda,DZA,Skikda,"{"Population": 128747}"
43,Biskra,DZA,Biskra,"{"Population": 128281}"
44,"Blida (el-Boulaida)",DZA,Blida,"{"Population": 127284}"
45,Béjaïa,DZA,Béjaïa,"{"Population": 117162}"
46,Mostaganem,DZA,Mostaganem,"{"Population": 115212}"
47,Tébessa,DZA,Tébessa,"{"Population": 112007}"
48,"Tlemcen (Tilimsen)",DZA,Tlemcen,"{"Population": 110242}"
49,Béchar,DZA,Béchar,"{"Population": 107311}"
50,Tiaret,DZA,Tiaret,"{"Population": 100118}"
51,"Ech-Chleff (el-Asnam)",DZA,Chlef,"{"Population": 96794}"
52,Ghardaïa,DZA,Ghardaïa,"{"Population": 89415}"
53,Tafuna,ASM,Tutuila,"{"Population": 5200}"
54,Fagatogo,ASM,Tutuila,"{"Population": 2323}"
55,"Andorra la Vella",AND,"Andorra la Vella","{"Population": 21189}"
56,Luanda,AGO,Luanda,"{"Population": 2022000}"
57,Huambo,AGO,Huambo,"{"Population": 163100}"
58,Lobito,AGO,Benguela,"{"Population": 130000}"
59,Benguela,AGO,Benguela,"{"Population": 128300}"
60,Namibe,AGO,Namibe,"{"Population": 118200}"
61,"South Hill",AIA,–,"{"Population": 961}"
62,"The Valley",AIA,–,"{"Population": 595}"
63,"Saint John´s",ATG,"St John","{"Population": 24000}"
64,Dubai,ARE,Dubai,"{"Population": 669181}"
65,"Abu Dhabi",ARE,"Abu Dhabi","{"Population": 398695}"
66,Sharja,ARE,Sharja,"{"Population": 320095}"
67,al-Ayn,ARE,"Abu Dhabi","{"Population": 225970}"
68,Ajman,ARE,Ajman,"{"Population": 114395}"
69,"Buenos Aires",ARG,"Distrito Federal","{"Population": 2982146}"
70,"La Matanza",ARG,"Buenos Aires","{"Population": 1266461}"
71,Córdoba,ARG,Córdoba,"{"Population": 1157507}"
72,Rosario,ARG,"Santa Fé","{"Population": 907718}"
73,"Lomas de Zamora",ARG,"Buenos Aires","{"Population": 622013}"
74,Quilmes,ARG,"Buenos Aires","{"Population": 559249}"
75,"Almirante Brown",ARG,"Buenos Aires","{"Population": 538918}"
76,"La Plata",ARG,"Buenos Aires","{"Population": 521936}"
77,"Mar del Plata",ARG,"Buenos Aires","{"Population": 512880}"
78,"San Miguel de Tucumán",ARG,Tucumán,"{"Population": 470809}"
79,Lanús,ARG,"Buenos Aires","{"Population": 469735}"
80,Merlo,ARG,"Buenos Aires","{"Population": 463846}"
81,"General San Martín",ARG,"Buenos Aires","{"Population": 422542}"
82,Salta,ARG,Salta,"{"Population": 367550}"
83,Moreno,ARG,"Buenos Aires","{"Population": 356993}"
84,"Santa Fé",ARG,"Santa Fé","{"Population": 353063}"
85,Avellaneda,ARG,"Buenos Aires","{"Population": 353046}"
86,"Tres de Febrero",ARG,"Buenos Aires","{"Population": 352311}"
87,Morón,ARG,"Buenos Aires","{"Population": 349246}"
88,"Florencio Varela",ARG,"Buenos Aires","{"Population": 315432}"
89,"San Isidro",ARG,"Buenos Aires","{"Population": 306341}"
90,Tigre,ARG,"Buenos Aires","{"Population": 296226}"
91,"Malvinas Argentinas",ARG,"Buenos Aires","{"Population": 290335}"
92,"Vicente López",ARG,"Buenos Aires","{"Population": 288341}"
93,Berazategui,ARG,"Buenos Aires","{"Population": 276916}"
94,Corrientes,ARG,Corrientes,"{"Population": 258103}"
95,"San Miguel",ARG,"Buenos Aires","{"Population": 248700}"
96,"Bahía Blanca",ARG,"Buenos Aires","{"Population": 239810}"
97,"Esteban Echeverría",ARG,"Buenos Aires","{"Population": 235760}"
98,Resistencia,ARG,Chaco,"{"Population": 229212}"
99,"José C. Paz",ARG,"Buenos Aires","{"Population": 221754}"
100,Paraná,ARG,"Entre Rios","{"Population": 207041}"
101,"Godoy Cruz",ARG,Mendoza,"{"Population": 206998}"
102,Posadas,ARG,Misiones,"{"Population": 201273}"
103,Guaymallén,ARG,Mendoza,"{"Population": 200595}"
104,"Santiago del Estero",ARG,"Santiago del Estero","{"Population": 189947}"
105,"San Salvador de Jujuy",ARG,Jujuy,"{"Population": 178748}"
106,Hurlingham,ARG,"Buenos Aires","{"Population": 170028}"
107,Neuquén,ARG,Neuquén,"{"Population": 167296}"
108,Ituzaingó,ARG,"Buenos Aires","{"Population": 158197}"
109,"San Fernando",ARG,"Buenos Aires","{"Population": 153036}"
110,Formosa,ARG,Formosa,"{"Population": 147636}"
111,"Las Heras",ARG,Mendoza,"{"Population": 145823}"
112,"La Rioja",ARG,"La Rioja","{"Population": 138117}"
113,"San Fernando del Valle de Cata",ARG,Catamarca,"{"Population": 134935}"
114,"Río Cuarto",ARG,Córdoba,"{"Population": 134355}"
115,"Comodoro Rivadavia",ARG,Chubut,"{"Population": 124104}"
116,Mendoza,ARG,Mendoza,"{"Population": 123027}"
117,"San Nicolás de los Arroyos",ARG,"Buenos Aires","{"Population": 119302}"
118,"San Juan",ARG,"San Juan","{"Population": 119152}"
119,Escobar,ARG,"Buenos Aires","{"Population": 116675}"
120,Concordia,ARG,"Entre Rios","{"Population": 116485}"
121,Pilar,ARG,"Buenos Aires","{"Population": 113428}"
122,"San Luis",ARG,"San Luis","{"Population": 110136}"
123,Ezeiza,ARG,"Buenos Aires","{"Population": 99578}"
124,"San Rafael",ARG,Mendoza,"{"Population": 94651}"
125,Tandil,ARG,"Buenos Aires","{"Population": 91101}"
126,Yerevan,ARM,Yerevan,"{"Population": 1248700}"
127,Gjumri,ARM,Širak,"{"Population": 211700}"
128,Vanadzor,ARM,Lori,"{"Population": 172700}"
129,Oranjestad,ABW,–,"{"Population": 29034}"
130,Sydney,AUS,"New South Wales","{"Population": 3276207}"
131,Melbourne,AUS,Victoria,"{"Population": 2865329}"
132,Brisbane,AUS,Queensland,"{"Population": 1291117}"
133,Perth,AUS,"West Australia","{"Population": 1096829}"
134,Adelaide,AUS,"South Australia","{"Population": 978100}"
135,Canberra,AUS,"Capital Region","{"Population": 322723}"
136,"Gold Coast",AUS,Queensland,"{"Population": 311932}"
137,Newcastle,AUS,"New South Wales","{"Population": 270324}"
138,"Central Coast",AUS,"New South Wales","{"Population": 227657}"
139,Wollongong,AUS,"New South Wales","{"Population": 219761}"
140,Hobart,AUS,Tasmania,"{"Population": 126118}"
141,Geelong,AUS,Victoria,"{"Population": 125382}"
142,Townsville,AUS,Queensland,"{"Population": 109914}"
143,Cairns,AUS,Queensland,"{"Population": 92273}"
144,Baku,AZE,Baki,"{"Population": 1787800}"
145,Gäncä,AZE,Gäncä,"{"Population": 299300}"
146,Sumqayit,AZE,Sumqayit,"{"Population": 283000}"
147,Mingäçevir,AZE,Mingäçevir,"{"Population": 93900}"
148,Nassau,BHS,"New Providence","{"Population": 172000}"
149,al-Manama,BHR,al-Manama,"{"Population": 148000}"
150,Dhaka,BGD,Dhaka,"{"Population": 3612850}"
151,Chittagong,BGD,Chittagong,"{"Population": 1392860}"
152,Khulna,BGD,Khulna,"{"Population": 663340}"
153,Rajshahi,BGD,Rajshahi,"{"Population": 294056}"
154,Narayanganj,BGD,Dhaka,"{"Population": 202134}"
155,Rangpur,BGD,Rajshahi,"{"Population": 191398}"
156,Mymensingh,BGD,Dhaka,"{"Population": 188713}"
157,Barisal,BGD,Barisal,"{"Population": 170232}"
158,Tungi,BGD,Dhaka,"{"Population": 168702}"
159,Jessore,BGD,Khulna,"{"Population": 139710}"
160,Comilla,BGD,Chittagong,"{"Population": 135313}"
161,Nawabganj,BGD,Rajshahi,"{"Population": 130577}"
162,Dinajpur,BGD,Rajshahi,"{"Population": 127815}"
163,Bogra,BGD,Rajshahi,"{"Population": 120170}"
164,Sylhet,BGD,Sylhet,"{"Population": 117396}"
165,Brahmanbaria,BGD,Chittagong,"{"Population": 109032}"
166,Tangail,BGD,Dhaka,"{"Population": 106004}"
167,Jamalpur,BGD,Dhaka,"{"Population": 103556}"
168,Pabna,BGD,Rajshahi,"{"Population": 103277}"
169,Naogaon,BGD,Rajshahi,"{"Population": 101266}"
170,Sirajganj,BGD,Rajshahi,"{"Population": 99669}"
171,Narsinghdi,BGD,Dhaka,"{"Population": 98342}"
172,Saidpur,BGD,Rajshahi,"{"Population": 96777}"
173,Gazipur,BGD,Dhaka,"{"Population": 96717}"
174,Bridgetown,BRB,"St Michael","{"Population": 6070}"
175,Antwerpen,BEL,Antwerpen,"{"Population": 446525}"
176,Gent,BEL,"East Flanderi","{"Population": 224180}"
177,Charleroi,BEL,Hainaut,"{"Population": 200827}"
178,Liège,BEL,Liège,"{"Population": 185639}"
179,"Bruxelles [Brussel]",BEL,Bryssel,"{"Population": 133859}"
180,Brugge,BEL,"West Flanderi","{"Population": 116246}"
181,Schaerbeek,BEL,Bryssel,"{"Population": 105692}"
182,Namur,BEL,Namur,"{"Population": 105419}"
183,Mons,BEL,Hainaut,"{"Population": 90935}"
184,"Belize City",BLZ,"Belize City","{"Population": 55810}"
185,Belmopan,BLZ,Cayo,"{"Population": 7105}"
186,Cotonou,BEN,Atlantique,"{"Population": 536827}"
187,Porto-Novo,BEN,Ouémé,"{"Population": 194000}"
188,Djougou,BEN,Atacora,"{"Population": 134099}"
189,Parakou,BEN,Borgou,"{"Population": 103577}"
190,"Saint George",BMU,"Saint George´s","{"Population": 1800}"
191,Hamilton,BMU,Hamilton,"{"Population": 1200}"
192,Thimphu,BTN,Thimphu,"{"Population": 22000}"
193,"Santa Cruz de la Sierra",BOL,"Santa Cruz","{"Population": 935361}"
194,"La Paz",BOL,"La Paz","{"Population": 758141}"
195,"El Alto",BOL,"La Paz","{"Population": 534466}"
196,Cochabamba,BOL,Cochabamba,"{"Population": 482800}"
197,Oruro,BOL,Oruro,"{"Population": 223553}"
198,Sucre,BOL,Chuquisaca,"{"Population": 178426}"
199,Potosí,BOL,Potosí,"{"Population": 140642}"
200,Tarija,BOL,Tarija,"{"Population": 125255}"
201,Sarajevo,BIH,Federaatio,"{"Population": 360000}"
202,"Banja Luka",BIH,"Republika Srpska","{"Population": 143079}"
203,Zenica,BIH,Federaatio,"{"Population": 96027}"
204,Gaborone,BWA,Gaborone,"{"Population": 213017}"
205,Francistown,BWA,Francistown,"{"Population": 101805}"
206,"São Paulo",BRA,"São Paulo","{"Population": 9968485}"
207,"Rio de Janeiro",BRA,"Rio de Janeiro","{"Population": 5598953}"
208,Salvador,BRA,Bahia,"{"Population": 2302832}"
209,"Belo Horizonte",BRA,"Minas Gerais","{"Population": 2139125}"
210,Fortaleza,BRA,Ceará,"{"Population": 2097757}"
211,Brasília,BRA,"Distrito Federal","{"Population": 1969868}"
212,Curitiba,BRA,Paraná,"{"Population": 1584232}"
213,Recife,BRA,Pernambuco,"{"Population": 1378087}"
214,"Porto Alegre",BRA,"Rio Grande do Sul","{"Population": 1314032}"
215,Manaus,BRA,Amazonas,"{"Population": 1255049}"
216,Belém,BRA,Pará,"{"Population": 1186926}"
217,Guarulhos,BRA,"São Paulo","{"Population": 1095874}"
218,Goiânia,BRA,Goiás,"{"Population": 1056330}"
219,Campinas,BRA,"São Paulo","{"Population": 950043}"
220,"São Gonçalo",BRA,"Rio de Janeiro","{"Population": 869254}"
221,"Nova Iguaçu",BRA,"Rio de Janeiro","{"Population": 862225}"
222,"São Luís",BRA,Maranhão,"{"Population": 837588}"
223,Maceió,BRA,Alagoas,"{"Population": 786288}"
224,"Duque de Caxias",BRA,"Rio de Janeiro","{"Population": 746758}"
225,"São Bernardo do Campo",BRA,"São Paulo","{"Population": 723132}"
226,Teresina,BRA,Piauí,"{"Population": 691942}"
227,Natal,BRA,"Rio Grande do Norte","{"Population": 688955}"
228,Osasco,BRA,"São Paulo","{"Population": 659604}"
229,"Campo Grande",BRA,"Mato Grosso do Sul","{"Population": 649593}"
230,"Santo André",BRA,"São Paulo","{"Population": 630073}"
231,"João Pessoa",BRA,Paraíba,"{"Population": 584029}"
232,"Jaboatão dos Guararapes",BRA,Pernambuco,"{"Population": 558680}"
233,Contagem,BRA,"Minas Gerais","{"Population": 520801}"
234,"São José dos Campos",BRA,"São Paulo","{"Population": 515553}"
235,Uberlândia,BRA,"Minas Gerais","{"Population": 487222}"
236,"Feira de Santana",BRA,Bahia,"{"Population": 479992}"
237,"Ribeirão Preto",BRA,"São Paulo","{"Population": 473276}"
238,Sorocaba,BRA,"São Paulo","{"Population": 466823}"
239,Niterói,BRA,"Rio de Janeiro","{"Population": 459884}"
240,Cuiabá,BRA,"Mato Grosso","{"Population": 453813}"
241,"Juiz de Fora",BRA,"Minas Gerais","{"Population": 450288}"
242,Aracaju,BRA,Sergipe,"{"Population": 445555}"
243,"São João de Meriti",BRA,"Rio de Janeiro","{"Population": 440052}"
244,Londrina,BRA,Paraná,"{"Population": 432257}"
245,Joinville,BRA,"Santa Catarina","{"Population": 428011}"
246,"Belford Roxo",BRA,"Rio de Janeiro","{"Population": 425194}"
247,Santos,BRA,"São Paulo","{"Population": 408748}"
248,Ananindeua,BRA,Pará,"{"Population": 400940}"
249,"Campos dos Goytacazes",BRA,"Rio de Janeiro","{"Population": 398418}"
250,Mauá,BRA,"São Paulo","{"Population": 375055}"
251,Carapicuíba,BRA,"São Paulo","{"Population": 357552}"
252,Olinda,BRA,Pernambuco,"{"Population": 354732}"
253,"Campina Grande",BRA,Paraíba,"{"Population": 352497}"
254,"São José do Rio Preto",BRA,"São Paulo","{"Population": 351944}"
255,"Caxias do Sul",BRA,"Rio Grande do Sul","{"Population": 349581}"
256,"Moji das Cruzes",BRA,"São Paulo","{"Population": 339194}"
257,Diadema,BRA,"São Paulo","{"Population": 335078}"
258,"Aparecida de Goiânia",BRA,Goiás,"{"Population": 324662}"
259,Piracicaba,BRA,"São Paulo","{"Population": 319104}"
260,Cariacica,BRA,"Espírito Santo","{"Population": 319033}"
261,"Vila Velha",BRA,"Espírito Santo","{"Population": 318758}"
262,Pelotas,BRA,"Rio Grande do Sul","{"Population": 315415}"
263,Bauru,BRA,"São Paulo","{"Population": 313670}"
264,"Porto Velho",BRA,Rondônia,"{"Population": 309750}"
265,Serra,BRA,"Espírito Santo","{"Population": 302666}"
266,Betim,BRA,"Minas Gerais","{"Population": 302108}"
267,Jundíaí,BRA,"São Paulo","{"Population": 296127}"
268,Canoas,BRA,"Rio Grande do Sul","{"Population": 294125}"
269,Franca,BRA,"São Paulo","{"Population": 290139}"
270,"São Vicente",BRA,"São Paulo","{"Population": 286848}"
271,Maringá,BRA,Paraná,"{"Population": 286461}"
272,"Montes Claros",BRA,"Minas Gerais","{"Population": 286058}"
273,Anápolis,BRA,Goiás,"{"Population": 282197}"
274,Florianópolis,BRA,"Santa Catarina","{"Population": 281928}"
275,Petrópolis,BRA,"Rio de Janeiro","{"Population": 279183}"
276,Itaquaquecetuba,BRA,"São Paulo","{"Population": 270874}"
277,Vitória,BRA,"Espírito Santo","{"Population": 270626}"
278,"Ponta Grossa",BRA,Paraná,"{"Population": 268013}"
279,"Rio Branco",BRA,Acre,"{"Population": 259537}"
280,"Foz do Iguaçu",BRA,Paraná,"{"Population": 259425}"
281,Macapá,BRA,Amapá,"{"Population": 256033}"
282,Ilhéus,BRA,Bahia,"{"Population": 254970}"
283,"Vitória da Conquista",BRA,Bahia,"{"Population": 253587}"
284,Uberaba,BRA,"Minas Gerais","{"Population": 249225}"
285,Paulista,BRA,Pernambuco,"{"Population": 248473}"
286,Limeira,BRA,"São Paulo","{"Population": 245497}"
287,Blumenau,BRA,"Santa Catarina","{"Population": 244379}"
288,Caruaru,BRA,Pernambuco,"{"Population": 244247}"
289,Santarém,BRA,Pará,"{"Population": 241771}"
290,"Volta Redonda",BRA,"Rio de Janeiro","{"Population": 240315}"
291,"Novo Hamburgo",BRA,"Rio Grande do Sul","{"Population": 239940}"
292,Caucaia,BRA,Ceará,"{"Population": 238738}"
293,"Santa Maria",BRA,"Rio Grande do Sul","{"Population": 238473}"
294,Cascavel,BRA,Paraná,"{"Population": 237510}"
295,Guarujá,BRA,"São Paulo","{"Population": 237206}"
296,"Ribeirão das Neves",BRA,"Minas Gerais","{"Population": 232685}"
297,"Governador Valadares",BRA,"Minas Gerais","{"Population": 231724}"
298,Taubaté,BRA,"São Paulo","{"Population": 229130}"
299,Imperatriz,BRA,Maranhão,"{"Population": 224564}"
300,Gravataí,BRA,"Rio Grande do Sul","{"Population": 223011}"
301,Embu,BRA,"São Paulo","{"Population": 222223}"
302,Mossoró,BRA,"Rio Grande do Norte","{"Population": 214901}"
303,"Várzea Grande",BRA,"Mato Grosso","{"Population": 214435}"
304,Petrolina,BRA,Pernambuco,"{"Population": 210540}"
305,Barueri,BRA,"São Paulo","{"Population": 208426}"
306,Viamão,BRA,"Rio Grande do Sul","{"Population": 207557}"
307,Ipatinga,BRA,"Minas Gerais","{"Population": 206338}"
308,Juazeiro,BRA,Bahia,"{"Population": 201073}"
309,"Juazeiro do Norte",BRA,Ceará,"{"Population": 199636}"
310,"Taboão da Serra",BRA,"São Paulo","{"Population": 197550}"
311,"São José dos Pinhais",BRA,Paraná,"{"Population": 196884}"
312,Magé,BRA,"Rio de Janeiro","{"Population": 196147}"
313,Suzano,BRA,"São Paulo","{"Population": 195434}"
314,"São Leopoldo",BRA,"Rio Grande do Sul","{"Population": 189258}"
315,Marília,BRA,"São Paulo","{"Population": 188691}"
316,"São Carlos",BRA,"São Paulo","{"Population": 187122}"
317,Sumaré,BRA,"São Paulo","{"Population": 186205}"
318,"Presidente Prudente",BRA,"São Paulo","{"Population": 185340}"
319,Divinópolis,BRA,"Minas Gerais","{"Population": 185047}"
320,"Sete Lagoas",BRA,"Minas Gerais","{"Population": 182984}"
321,"Rio Grande",BRA,"Rio Grande do Sul","{"Population": 182222}"
322,Itabuna,BRA,Bahia,"{"Population": 182148}"
323,Jequié,BRA,Bahia,"{"Population": 179128}"
324,Arapiraca,BRA,Alagoas,"{"Population": 178988}"
325,Colombo,BRA,Paraná,"{"Population": 177764}"
326,Americana,BRA,"São Paulo","{"Population": 177409}"
327,Alvorada,BRA,"Rio Grande do Sul","{"Population": 175574}"
328,Araraquara,BRA,"São Paulo","{"Population": 174381}"
329,Itaboraí,BRA,"Rio de Janeiro","{"Population": 173977}"
330,"Santa Bárbara d´Oeste",BRA,"São Paulo","{"Population": 171657}"
331,"Nova Friburgo",BRA,"Rio de Janeiro","{"Population": 170697}"
332,Jacareí,BRA,"São Paulo","{"Population": 170356}"
333,Araçatuba,BRA,"São Paulo","{"Population": 169303}"
334,"Barra Mansa",BRA,"Rio de Janeiro","{"Population": 168953}"
335,"Praia Grande",BRA,"São Paulo","{"Population": 168434}"
336,Marabá,BRA,Pará,"{"Population": 167795}"
337,Criciúma,BRA,"Santa Catarina","{"Population": 167661}"
338,"Boa Vista",BRA,Roraima,"{"Population": 167185}"
339,"Passo Fundo",BRA,"Rio Grande do Sul","{"Population": 166343}"
340,Dourados,BRA,"Mato Grosso do Sul","{"Population": 164716}"
341,"Santa Luzia",BRA,"Minas Gerais","{"Population": 164704}"
342,"Rio Claro",BRA,"São Paulo","{"Population": 163551}"
343,Maracanaú,BRA,Ceará,"{"Population": 162022}"
344,Guarapuava,BRA,Paraná,"{"Population": 160510}"
345,Rondonópolis,BRA,"Mato Grosso","{"Population": 155115}"
346,"São José",BRA,"Santa Catarina","{"Population": 155105}"
347,"Cachoeiro de Itapemirim",BRA,"Espírito Santo","{"Population": 155024}"
348,Nilópolis,BRA,"Rio de Janeiro","{"Population": 153383}"
349,Itapevi,BRA,"São Paulo","{"Population": 150664}"
350,"Cabo de Santo Agostinho",BRA,Pernambuco,"{"Population": 149964}"
351,Camaçari,BRA,Bahia,"{"Population": 149146}"
352,Sobral,BRA,Ceará,"{"Population": 146005}"
353,Itajaí,BRA,"Santa Catarina","{"Population": 145197}"
354,Chapecó,BRA,"Santa Catarina","{"Population": 144158}"
355,Cotia,BRA,"São Paulo","{"Population": 140042}"
356,Lages,BRA,"Santa Catarina","{"Population": 139570}"
357,"Ferraz de Vasconcelos",BRA,"São Paulo","{"Population": 139283}"
358,Indaiatuba,BRA,"São Paulo","{"Population": 135968}"
359,Hortolândia,BRA,"São Paulo","{"Population": 135755}"
360,Caxias,BRA,Maranhão,"{"Population": 133980}"
361,"São Caetano do Sul",BRA,"São Paulo","{"Population": 133321}"
362,Itu,BRA,"São Paulo","{"Population": 132736}"
363,"Nossa Senhora do Socorro",BRA,Sergipe,"{"Population": 131351}"
364,Parnaíba,BRA,Piauí,"{"Population": 129756}"
365,"Poços de Caldas",BRA,"Minas Gerais","{"Population": 129683}"
366,Teresópolis,BRA,"Rio de Janeiro","{"Population": 128079}"
367,Barreiras,BRA,Bahia,"{"Population": 127801}"
368,Castanhal,BRA,Pará,"{"Population": 127634}"
369,Alagoinhas,BRA,Bahia,"{"Population": 126820}"
370,"Itapecerica da Serra",BRA,"São Paulo","{"Population": 126672}"
371,Uruguaiana,BRA,"Rio Grande do Sul","{"Population": 126305}"
372,Paranaguá,BRA,Paraná,"{"Population": 126076}"
373,Ibirité,BRA,"Minas Gerais","{"Population": 125982}"
374,Timon,BRA,Maranhão,"{"Population": 125812}"
375,Luziânia,BRA,Goiás,"{"Population": 125597}"
376,Macaé,BRA,"Rio de Janeiro","{"Population": 125597}"
377,"Teófilo Otoni",BRA,"Minas Gerais","{"Population": 124489}"
378,Moji-Guaçu,BRA,"São Paulo","{"Population": 123782}"
379,Palmas,BRA,Tocantins,"{"Population": 121919}"
380,Pindamonhangaba,BRA,"São Paulo","{"Population": 121904}"
381,"Francisco Morato",BRA,"São Paulo","{"Population": 121197}"
382,Bagé,BRA,"Rio Grande do Sul","{"Population": 120793}"
383,"Sapucaia do Sul",BRA,"Rio Grande do Sul","{"Population": 120217}"
384,"Cabo Frio",BRA,"Rio de Janeiro","{"Population": 119503}"
385,Itapetininga,BRA,"São Paulo","{"Population": 119391}"
386,"Patos de Minas",BRA,"Minas Gerais","{"Population": 119262}"
387,Camaragibe,BRA,Pernambuco,"{"Population": 118968}"
388,"Bragança Paulista",BRA,"São Paulo","{"Population": 116929}"
389,Queimados,BRA,"Rio de Janeiro","{"Population": 115020}"
390,Araguaína,BRA,Tocantins,"{"Population": 114948}"
391,Garanhuns,BRA,Pernambuco,"{"Population": 114603}"
392,"Vitória de Santo Antão",BRA,Pernambuco,"{"Population": 113595}"
393,"Santa Rita",BRA,Paraíba,"{"Population": 113135}"
394,Barbacena,BRA,"Minas Gerais","{"Population": 113079}"
395,Abaetetuba,BRA,Pará,"{"Population": 111258}"
396,Jaú,BRA,"São Paulo","{"Population": 109965}"
397,"Lauro de Freitas",BRA,Bahia,"{"Population": 109236}"
398,"Franco da Rocha",BRA,"São Paulo","{"Population": 108964}"
399,"Teixeira de Freitas",BRA,Bahia,"{"Population": 108441}"
400,Varginha,BRA,"Minas Gerais","{"Population": 108314}"
401,"Ribeirão Pires",BRA,"São Paulo","{"Population": 108121}"
402,Sabará,BRA,"Minas Gerais","{"Population": 107781}"
403,Catanduva,BRA,"São Paulo","{"Population": 107761}"
404,"Rio Verde",BRA,Goiás,"{"Population": 107755}"
405,Botucatu,BRA,"São Paulo","{"Population": 107663}"
406,Colatina,BRA,"Espírito Santo","{"Population": 107354}"
407,"Santa Cruz do Sul",BRA,"Rio Grande do Sul","{"Population": 106734}"
408,Linhares,BRA,"Espírito Santo","{"Population": 106278}"
409,Apucarana,BRA,Paraná,"{"Population": 105114}"
410,Barretos,BRA,"São Paulo","{"Population": 104156}"
411,Guaratinguetá,BRA,"São Paulo","{"Population": 103433}"
412,Cachoeirinha,BRA,"Rio Grande do Sul","{"Population": 103240}"
413,Codó,BRA,Maranhão,"{"Population": 103153}"
414,"Jaraguá do Sul",BRA,"Santa Catarina","{"Population": 102580}"
415,Cubatão,BRA,"São Paulo","{"Population": 102372}"
416,Itabira,BRA,"Minas Gerais","{"Population": 102217}"
417,Itaituba,BRA,Pará,"{"Population": 101320}"
418,Araras,BRA,"São Paulo","{"Population": 101046}"
419,Resende,BRA,"Rio de Janeiro","{"Population": 100627}"
420,Atibaia,BRA,"São Paulo","{"Population": 100356}"
421,"Pouso Alegre",BRA,"Minas Gerais","{"Population": 100028}"
422,Toledo,BRA,Paraná,"{"Population": 99387}"
423,Crato,BRA,Ceará,"{"Population": 98965}"
424,Passos,BRA,"Minas Gerais","{"Population": 98570}"
425,Araguari,BRA,"Minas Gerais","{"Population": 98399}"
426,"São José de Ribamar",BRA,Maranhão,"{"Population": 98318}"
427,Pinhais,BRA,Paraná,"{"Population": 98198}"
428,Sertãozinho,BRA,"São Paulo","{"Population": 98140}"
429,"Conselheiro Lafaiete",BRA,"Minas Gerais","{"Population": 97507}"
430,"Paulo Afonso",BRA,Bahia,"{"Population": 97291}"
431,"Angra dos Reis",BRA,"Rio de Janeiro","{"Population": 96864}"
432,Eunápolis,BRA,Bahia,"{"Population": 96610}"
433,Salto,BRA,"São Paulo","{"Population": 96348}"
434,Ourinhos,BRA,"São Paulo","{"Population": 96291}"
435,Parnamirim,BRA,"Rio Grande do Norte","{"Population": 96210}"
436,Jacobina,BRA,Bahia,"{"Population": 96131}"
437,"Coronel Fabriciano",BRA,"Minas Gerais","{"Population": 95933}"
438,Birigui,BRA,"São Paulo","{"Population": 94685}"
439,Tatuí,BRA,"São Paulo","{"Population": 93897}"
440,Ji-Paraná,BRA,Rondônia,"{"Population": 93346}"
441,Bacabal,BRA,Maranhão,"{"Population": 93121}"
442,Cametá,BRA,Pará,"{"Population": 92779}"
443,Guaíba,BRA,"Rio Grande do Sul","{"Population": 92224}"
444,"São Lourenço da Mata",BRA,Pernambuco,"{"Population": 91999}"
445,"Santana do Livramento",BRA,"Rio Grande do Sul","{"Population": 91779}"
446,Votorantim,BRA,"São Paulo","{"Population": 91777}"
447,"Campo Largo",BRA,Paraná,"{"Population": 91203}"
448,Patos,BRA,Paraíba,"{"Population": 90519}"
449,Ituiutaba,BRA,"Minas Gerais","{"Population": 90507}"
450,Corumbá,BRA,"Mato Grosso do Sul","{"Population": 90111}"
451,Palhoça,BRA,"Santa Catarina","{"Population": 89465}"
452,"Barra do Piraí",BRA,"Rio de Janeiro","{"Population": 89388}"
453,"Bento Gonçalves",BRA,"Rio Grande do Sul","{"Population": 89254}"
454,Poá,BRA,"São Paulo","{"Population": 89236}"
455,"Águas Lindas de Goiás",BRA,Goiás,"{"Population": 89200}"
456,London,GBR,England,"{"Population": 7285000}"
457,Birmingham,GBR,England,"{"Population": 1013000}"
458,Glasgow,GBR,Scotland,"{"Population": 619680}"
459,Liverpool,GBR,England,"{"Population": 461000}"
460,Edinburgh,GBR,Scotland,"{"Population": 450180}"
461,Sheffield,GBR,England,"{"Population": 431607}"
462,Manchester,GBR,England,"{"Population": 430000}"
463,Leeds,GBR,England,"{"Population": 424194}"
464,Bristol,GBR,England,"{"Population": 402000}"
465,Cardiff,GBR,Wales,"{"Population": 321000}"
466,Coventry,GBR,England,"{"Population": 304000}"
467,Leicester,GBR,England,"{"Population": 294000}"
468,Bradford,GBR,England,"{"Population": 289376}"
469,Belfast,GBR,"North Ireland","{"Population": 287500}"
470,Nottingham,GBR,England,"{"Population": 287000}"
471,"Kingston upon Hull",GBR,England,"{"Population": 262000}"
472,Plymouth,GBR,England,"{"Population": 253000}"
473,Stoke-on-Trent,GBR,England,"{"Population": 252000}"
474,Wolverhampton,GBR,England,"{"Population": 242000}"
475,Derby,GBR,England,"{"Population": 236000}"
476,Swansea,GBR,Wales,"{"Population": 230000}"
477,Southampton,GBR,England,"{"Population": 216000}"
478,Aberdeen,GBR,Scotland,"{"Population": 213070}"
479,Northampton,GBR,England,"{"Population": 196000}"
480,Dudley,GBR,England,"{"Population": 192171}"
481,Portsmouth,GBR,England,"{"Population": 190000}"
482,"Newcastle upon Tyne",GBR,England,"{"Population": 189150}"
483,Sunderland,GBR,England,"{"Population": 183310}"
484,Luton,GBR,England,"{"Population": 183000}"
485,Swindon,GBR,England,"{"Population": 180000}"
486,Southend-on-Sea,GBR,England,"{"Population": 176000}"
487,Walsall,GBR,England,"{"Population": 174739}"
488,Bournemouth,GBR,England,"{"Population": 162000}"
489,Peterborough,GBR,England,"{"Population": 156000}"
490,Brighton,GBR,England,"{"Population": 156124}"
491,Blackpool,GBR,England,"{"Population": 151000}"
492,Dundee,GBR,Scotland,"{"Population": 146690}"
493,"West Bromwich",GBR,England,"{"Population": 146386}"
494,Reading,GBR,England,"{"Population": 148000}"
495,"Oldbury/Smethwick (Warley)",GBR,England,"{"Population": 145542}"
496,Middlesbrough,GBR,England,"{"Population": 145000}"
497,Huddersfield,GBR,England,"{"Population": 143726}"
498,Oxford,GBR,England,"{"Population": 144000}"
499,Poole,GBR,England,"{"Population": 141000}"
500,Bolton,GBR,England,"{"Population": 139020}"
501,Blackburn,GBR,England,"{"Population": 140000}"
502,Newport,GBR,Wales,"{"Population": 139000}"
503,Preston,GBR,England,"{"Population": 135000}"
504,Stockport,GBR,England,"{"Population": 132813}"
505,Norwich,GBR,England,"{"Population": 124000}"
506,Rotherham,GBR,England,"{"Population": 121380}"
507,Cambridge,GBR,England,"{"Population": 121000}"
508,Watford,GBR,England,"{"Population": 113080}"
509,Ipswich,GBR,England,"{"Population": 114000}"
510,Slough,GBR,England,"{"Population": 112000}"
511,Exeter,GBR,England,"{"Population": 111000}"
512,Cheltenham,GBR,England,"{"Population": 106000}"
513,Gloucester,GBR,England,"{"Population": 107000}"
514,"Saint Helens",GBR,England,"{"Population": 106293}"
515,"Sutton Coldfield",GBR,England,"{"Population": 106001}"
516,York,GBR,England,"{"Population": 104425}"
517,Oldham,GBR,England,"{"Population": 103931}"
518,Basildon,GBR,England,"{"Population": 100924}"
519,Worthing,GBR,England,"{"Population": 100000}"
520,Chelmsford,GBR,England,"{"Population": 97451}"
521,Colchester,GBR,England,"{"Population": 96063}"
522,Crawley,GBR,England,"{"Population": 97000}"
523,Gillingham,GBR,England,"{"Population": 92000}"
524,Solihull,GBR,England,"{"Population": 94531}"
525,Rochdale,GBR,England,"{"Population": 94313}"
526,Birkenhead,GBR,England,"{"Population": 93087}"
527,Worcester,GBR,England,"{"Population": 95000}"
528,Hartlepool,GBR,England,"{"Population": 92000}"
529,Halifax,GBR,England,"{"Population": 91069}"
530,Woking/Byfleet,GBR,England,"{"Population": 92000}"
531,Southport,GBR,England,"{"Population": 90959}"
532,Maidstone,GBR,England,"{"Population": 90878}"
533,Eastbourne,GBR,England,"{"Population": 90000}"
534,Grimsby,GBR,England,"{"Population": 89000}"
535,"Saint Helier",GBR,Jersey,"{"Population": 27523}"
536,Douglas,GBR,–,"{"Population": 23487}"
537,"Road Town",VGB,Tortola,"{"Population": 8000}"
538,"Bandar Seri Begawan",BRN,"Brunei and Muara","{"Population": 21484}"
539,Sofija,BGR,"Grad Sofija","{"Population": 1122302}"
540,Plovdiv,BGR,Plovdiv,"{"Population": 342584}"
541,Varna,BGR,Varna,"{"Population": 299801}"
542,Burgas,BGR,Burgas,"{"Population": 195255}"
543,Ruse,BGR,Ruse,"{"Population": 166467}"
544,"Stara Zagora",BGR,Haskovo,"{"Population": 147939}"
545,Pleven,BGR,Lovec,"{"Population": 121952}"
546,Sliven,BGR,Burgas,"{"Population": 105530}"
547,Dobric,BGR,Varna,"{"Population": 100399}"
548,Šumen,BGR,Varna,"{"Population": 94686}"
549,Ouagadougou,BFA,Kadiogo,"{"Population": 824000}"
550,Bobo-Dioulasso,BFA,Houet,"{"Population": 300000}"
551,Koudougou,BFA,Boulkiemdé,"{"Population": 105000}"
552,Bujumbura,BDI,Bujumbura,"{"Population": 300000}"
553,"George Town",CYM,"Grand Cayman","{"Population": 19600}"
554,"Santiago de Chile",CHL,Santiago,"{"Population": 4703954}"
555,"Puente Alto",CHL,Santiago,"{"Population": 386236}"
556,"Viña del Mar",CHL,Valparaíso,"{"Population": 312493}"
557,Valparaíso,CHL,Valparaíso,"{"Population": 293800}"
558,Talcahuano,CHL,Bíobío,"{"Population": 277752}"
559,Antofagasta,CHL,Antofagasta,"{"Population": 251429}"
560,"San Bernardo",CHL,Santiago,"{"Population": 241910}"
561,Temuco,CHL,"La Araucanía","{"Population": 233041}"
562,Concepción,CHL,Bíobío,"{"Population": 217664}"
563,Rancagua,CHL,O´Higgins,"{"Population": 212977}"
564,Arica,CHL,Tarapacá,"{"Population": 189036}"
565,Talca,CHL,Maule,"{"Population": 187557}"
566,Chillán,CHL,Bíobío,"{"Population": 178182}"
567,Iquique,CHL,Tarapacá,"{"Population": 177892}"
568,"Los Angeles",CHL,Bíobío,"{"Population": 158215}"
569,"Puerto Montt",CHL,"Los Lagos","{"Population": 152194}"
570,Coquimbo,CHL,Coquimbo,"{"Population": 143353}"
571,Osorno,CHL,"Los Lagos","{"Population": 141468}"
572,"La Serena",CHL,Coquimbo,"{"Population": 137409}"
573,Calama,CHL,Antofagasta,"{"Population": 137265}"
574,Valdivia,CHL,"Los Lagos","{"Population": 133106}"
575,"Punta Arenas",CHL,Magallanes,"{"Population": 125631}"
576,Copiapó,CHL,Atacama,"{"Population": 120128}"
577,Quilpué,CHL,Valparaíso,"{"Population": 118857}"
578,Curicó,CHL,Maule,"{"Population": 115766}"
579,Ovalle,CHL,Coquimbo,"{"Population": 94854}"
580,Coronel,CHL,Bíobío,"{"Population": 93061}"
581,"San Pedro de la Paz",CHL,Bíobío,"{"Population": 91684}"
582,Melipilla,CHL,Santiago,"{"Population": 91056}"
583,Avarua,COK,Rarotonga,"{"Population": 11900}"
584,"San José",CRI,"San José","{"Population": 339131}"
585,Djibouti,DJI,Djibouti,"{"Population": 383000}"
586,Roseau,DMA,"St George","{"Population": 16243}"
587,"Santo Domingo de Guzmán",DOM,"Distrito Nacional","{"Population": 1609966}"
588,"Santiago de los Caballeros",DOM,Santiago,"{"Population": 365463}"
589,"La Romana",DOM,"La Romana","{"Population": 140204}"
590,"San Pedro de Macorís",DOM,"San Pedro de Macorís","{"Population": 124735}"
591,"San Francisco de Macorís",DOM,Duarte,"{"Population": 108485}"
592,"San Felipe de Puerto Plata",DOM,"Puerto Plata","{"Population": 89423}"
593,Guayaquil,ECU,Guayas,"{"Population": 2070040}"
594,Quito,ECU,Pichincha,"{"Population": 1573458}"
595,Cuenca,ECU,Azuay,"{"Population": 270353}"
596,Machala,ECU,"El Oro","{"Population": 210368}"
597,"Santo Domingo de los Colorados",ECU,Pichincha,"{"Population": 202111}"
598,Portoviejo,ECU,Manabí,"{"Population": 176413}"
599,Ambato,ECU,Tungurahua,"{"Population": 169612}"
600,Manta,ECU,Manabí,"{"Population": 164739}"
601,"Duran [Eloy Alfaro]",ECU,Guayas,"{"Population": 152514}"
602,Ibarra,ECU,Imbabura,"{"Population": 130643}"
603,Quevedo,ECU,"Los Ríos","{"Population": 129631}"
604,Milagro,ECU,Guayas,"{"Population": 124177}"
605,Loja,ECU,Loja,"{"Population": 123875}"
606,Ríobamba,ECU,Chimborazo,"{"Population": 123163}"
607,Esmeraldas,ECU,Esmeraldas,"{"Population": 123045}"
608,Cairo,EGY,Kairo,"{"Population": 6789479}"
609,Alexandria,EGY,Aleksandria,"{"Population": 3328196}"
610,Giza,EGY,Giza,"{"Population": 2221868}"
611,"Shubra al-Khayma",EGY,al-Qalyubiya,"{"Population": 870716}"
612,"Port Said",EGY,"Port Said","{"Population": 469533}"
613,Suez,EGY,Suez,"{"Population": 417610}"
614,"al-Mahallat al-Kubra",EGY,al-Gharbiya,"{"Population": 395402}"
615,Tanta,EGY,al-Gharbiya,"{"Population": 371010}"
616,al-Mansura,EGY,al-Daqahliya,"{"Population": 369621}"
617,Luxor,EGY,Luxor,"{"Population": 360503}"
618,Asyut,EGY,Asyut,"{"Population": 343498}"
619,Bahtim,EGY,al-Qalyubiya,"{"Population": 275807}"
620,Zagazig,EGY,al-Sharqiya,"{"Population": 267351}"
621,al-Faiyum,EGY,al-Faiyum,"{"Population": 260964}"
622,Ismailia,EGY,Ismailia,"{"Population": 254477}"
623,"Kafr al-Dawwar",EGY,al-Buhayra,"{"Population": 231978}"
624,Assuan,EGY,Assuan,"{"Population": 219017}"
625,Damanhur,EGY,al-Buhayra,"{"Population": 212203}"
626,al-Minya,EGY,al-Minya,"{"Population": 201360}"
627,"Bani Suwayf",EGY,"Bani Suwayf","{"Population": 172032}"
628,Qina,EGY,Qina,"{"Population": 171275}"
629,Sawhaj,EGY,Sawhaj,"{"Population": 170125}"
630,"Shibin al-Kawm",EGY,al-Minufiya,"{"Population": 159909}"
631,"Bulaq al-Dakrur",EGY,Giza,"{"Population": 148787}"
632,Banha,EGY,al-Qalyubiya,"{"Population": 145792}"
633,"Warraq al-Arab",EGY,Giza,"{"Population": 127108}"
634,"Kafr al-Shaykh",EGY,"Kafr al-Shaykh","{"Population": 124819}"
635,Mallawi,EGY,al-Minya,"{"Population": 119283}"
636,Bilbays,EGY,al-Sharqiya,"{"Population": 113608}"
637,"Mit Ghamr",EGY,al-Daqahliya,"{"Population": 101801}"
638,al-Arish,EGY,"Shamal Sina","{"Population": 100447}"
639,Talkha,EGY,al-Daqahliya,"{"Population": 97700}"
640,Qalyub,EGY,al-Qalyubiya,"{"Population": 97200}"
641,Jirja,EGY,Sawhaj,"{"Population": 95400}"
642,Idfu,EGY,Qina,"{"Population": 94200}"
643,al-Hawamidiya,EGY,Giza,"{"Population": 91700}"
644,Disuq,EGY,"Kafr al-Shaykh","{"Population": 91300}"
645,"San Salvador",SLV,"San Salvador","{"Population": 415346}"
646,"Santa Ana",SLV,"Santa Ana","{"Population": 139389}"
647,Mejicanos,SLV,"San Salvador","{"Population": 138800}"
648,Soyapango,SLV,"San Salvador","{"Population": 129800}"
649,"San Miguel",SLV,"San Miguel","{"Population": 127696}"
650,"Nueva San Salvador",SLV,"La Libertad","{"Population": 98400}"
651,Apopa,SLV,"San Salvador","{"Population": 88800}"
652,Asmara,ERI,Maekel,"{"Population": 431000}"
653,Madrid,ESP,Madrid,"{"Population": 2879052}"
654,Barcelona,ESP,Katalonia,"{"Population": 1503451}"
655,Valencia,ESP,Valencia,"{"Population": 739412}"
656,Sevilla,ESP,Andalusia,"{"Population": 701927}"
657,Zaragoza,ESP,Aragonia,"{"Population": 603367}"
658,Málaga,ESP,Andalusia,"{"Population": 530553}"
659,Bilbao,ESP,Baskimaa,"{"Population": 357589}"
660,"Las Palmas de Gran Canaria",ESP,"Canary Islands","{"Population": 354757}"
661,Murcia,ESP,Murcia,"{"Population": 353504}"
662,"Palma de Mallorca",ESP,Balears,"{"Population": 326993}"
663,Valladolid,ESP,"Castilla and León","{"Population": 319998}"
664,Córdoba,ESP,Andalusia,"{"Population": 311708}"
665,Vigo,ESP,Galicia,"{"Population": 283670}"
666,"Alicante [Alacant]",ESP,Valencia,"{"Population": 272432}"
667,Gijón,ESP,Asturia,"{"Population": 267980}"
668,"L´Hospitalet de Llobregat",ESP,Katalonia,"{"Population": 247986}"
669,Granada,ESP,Andalusia,"{"Population": 244767}"
670,"A Coruña (La Coruña)",ESP,Galicia,"{"Population": 243402}"
671,Vitoria-Gasteiz,ESP,Baskimaa,"{"Population": 217154}"
672,"Santa Cruz de Tenerife",ESP,"Canary Islands","{"Population": 213050}"
673,Badalona,ESP,Katalonia,"{"Population": 209635}"
674,Oviedo,ESP,Asturia,"{"Population": 200453}"
675,Móstoles,ESP,Madrid,"{"Population": 195351}"
676,"Elche [Elx]",ESP,Valencia,"{"Population": 193174}"
677,Sabadell,ESP,Katalonia,"{"Population": 184859}"
678,Santander,ESP,Cantabria,"{"Population": 184165}"
679,"Jerez de la Frontera",ESP,Andalusia,"{"Population": 182660}"
680,"Pamplona [Iruña]",ESP,Navarra,"{"Population": 180483}"
681,"Donostia-San Sebastián",ESP,Baskimaa,"{"Population": 179208}"
682,Cartagena,ESP,Murcia,"{"Population": 177709}"
683,Leganés,ESP,Madrid,"{"Population": 173163}"
684,Fuenlabrada,ESP,Madrid,"{"Population": 171173}"
685,Almería,ESP,Andalusia,"{"Population": 169027}"
686,Terrassa,ESP,Katalonia,"{"Population": 168695}"
687,"Alcalá de Henares",ESP,Madrid,"{"Population": 164463}"
688,Burgos,ESP,"Castilla and León","{"Population": 162802}"
689,Salamanca,ESP,"Castilla and León","{"Population": 158720}"
690,Albacete,ESP,"Kastilia-La Mancha","{"Population": 147527}"
691,Getafe,ESP,Madrid,"{"Population": 145371}"
692,Cádiz,ESP,Andalusia,"{"Population": 142449}"
693,Alcorcón,ESP,Madrid,"{"Population": 142048}"
694,Huelva,ESP,Andalusia,"{"Population": 140583}"
695,León,ESP,"Castilla and León","{"Population": 139809}"
696,"Castellón de la Plana [Castell",ESP,Valencia,"{"Population": 139712}"
697,Badajoz,ESP,Extremadura,"{"Population": 136613}"
698,"[San Cristóbal de] la Laguna",ESP,"Canary Islands","{"Population": 127945}"
699,Logroño,ESP,"La Rioja","{"Population": 127093}"
700,"Santa Coloma de Gramenet",ESP,Katalonia,"{"Population": 120802}"
701,Tarragona,ESP,Katalonia,"{"Population": 113016}"
702,"Lleida (Lérida)",ESP,Katalonia,"{"Population": 112207}"
703,Jaén,ESP,Andalusia,"{"Population": 109247}"
704,"Ourense (Orense)",ESP,Galicia,"{"Population": 109120}"
705,Mataró,ESP,Katalonia,"{"Population": 104095}"
706,Algeciras,ESP,Andalusia,"{"Population": 103106}"
707,Marbella,ESP,Andalusia,"{"Population": 101144}"
708,Barakaldo,ESP,Baskimaa,"{"Population": 98212}"
709,"Dos Hermanas",ESP,Andalusia,"{"Population": 94591}"
710,"Santiago de Compostela",ESP,Galicia,"{"Population": 93745}"
711,"Torrejón de Ardoz",ESP,Madrid,"{"Population": 92262}"
712,"Cape Town",ZAF,"Western Cape","{"Population": 2352121}"
713,Soweto,ZAF,Gauteng,"{"Population": 904165}"
714,Johannesburg,ZAF,Gauteng,"{"Population": 756653}"
715,"Port Elizabeth",ZAF,"Eastern Cape","{"Population": 752319}"
716,Pretoria,ZAF,Gauteng,"{"Population": 658630}"
717,Inanda,ZAF,KwaZulu-Natal,"{"Population": 634065}"
718,Durban,ZAF,KwaZulu-Natal,"{"Population": 566120}"
719,Vanderbijlpark,ZAF,Gauteng,"{"Population": 468931}"
720,"Kempton Park",ZAF,Gauteng,"{"Population": 442633}"
721,Alberton,ZAF,Gauteng,"{"Population": 410102}"
722,Pinetown,ZAF,KwaZulu-Natal,"{"Population": 378810}"
723,Pietermaritzburg,ZAF,KwaZulu-Natal,"{"Population": 370190}"
724,Benoni,ZAF,Gauteng,"{"Population": 365467}"
725,Randburg,ZAF,Gauteng,"{"Population": 341288}"
726,Umlazi,ZAF,KwaZulu-Natal,"{"Population": 339233}"
727,Bloemfontein,ZAF,"Free State","{"Population": 334341}"
728,Vereeniging,ZAF,Gauteng,"{"Population": 328535}"
729,Wonderboom,ZAF,Gauteng,"{"Population": 283289}"
730,Roodepoort,ZAF,Gauteng,"{"Population": 279340}"
731,Boksburg,ZAF,Gauteng,"{"Population": 262648}"
732,Klerksdorp,ZAF,"North West","{"Population": 261911}"
733,Soshanguve,ZAF,Gauteng,"{"Population": 242727}"
734,Newcastle,ZAF,KwaZulu-Natal,"{"Population": 222993}"
735,"East London",ZAF,"Eastern Cape","{"Population": 221047}"
736,Welkom,ZAF,"Free State","{"Population": 203296}"
737,Kimberley,ZAF,"Northern Cape","{"Population": 197254}"
738,Uitenhage,ZAF,"Eastern Cape","{"Population": 192120}"
739,Chatsworth,ZAF,KwaZulu-Natal,"{"Population": 189885}"
740,Mdantsane,ZAF,"Eastern Cape","{"Population": 182639}"
741,Krugersdorp,ZAF,Gauteng,"{"Population": 181503}"
742,Botshabelo,ZAF,"Free State","{"Population": 177971}"
743,Brakpan,ZAF,Gauteng,"{"Population": 171363}"
744,Witbank,ZAF,Mpumalanga,"{"Population": 167183}"
745,Oberholzer,ZAF,Gauteng,"{"Population": 164367}"
746,Germiston,ZAF,Gauteng,"{"Population": 164252}"
747,Springs,ZAF,Gauteng,"{"Population": 162072}"
748,Westonaria,ZAF,Gauteng,"{"Population": 159632}"
749,Randfontein,ZAF,Gauteng,"{"Population": 120838}"
750,Paarl,ZAF,"Western Cape","{"Population": 105768}"
751,Potchefstroom,ZAF,"North West","{"Population": 101817}"
752,Rustenburg,ZAF,"North West","{"Population": 97008}"
753,Nigel,ZAF,Gauteng,"{"Population": 96734}"
754,George,ZAF,"Western Cape","{"Population": 93818}"
755,Ladysmith,ZAF,KwaZulu-Natal,"{"Population": 89292}"
756,"Addis Abeba",ETH,"Addis Abeba","{"Population": 2495000}"
757,"Dire Dawa",ETH,"Dire Dawa","{"Population": 164851}"
758,Nazret,ETH,Oromia,"{"Population": 127842}"
759,Gonder,ETH,Amhara,"{"Population": 112249}"
760,Dese,ETH,Amhara,"{"Population": 97314}"
761,Mekele,ETH,Tigray,"{"Population": 96938}"
762,"Bahir Dar",ETH,Amhara,"{"Population": 96140}"
763,Stanley,FLK,"East Falkland","{"Population": 1636}"
764,Suva,FJI,Central,"{"Population": 77366}"
765,Quezon,PHL,"National Capital Reg","{"Population": 2173831}"
766,Manila,PHL,"National Capital Reg","{"Population": 1581082}"
767,Kalookan,PHL,"National Capital Reg","{"Population": 1177604}"
768,Davao,PHL,"Southern Mindanao","{"Population": 1147116}"
769,Cebu,PHL,"Central Visayas","{"Population": 718821}"
770,Zamboanga,PHL,"Western Mindanao","{"Population": 601794}"
771,Pasig,PHL,"National Capital Reg","{"Population": 505058}"
772,Valenzuela,PHL,"National Capital Reg","{"Population": 485433}"
773,"Las Piñas",PHL,"National Capital Reg","{"Population": 472780}"
774,Antipolo,PHL,"Southern Tagalog","{"Population": 470866}"
775,Taguig,PHL,"National Capital Reg","{"Population": 467375}"
776,"Cagayan de Oro",PHL,"Northern Mindanao","{"Population": 461877}"
777,Parañaque,PHL,"National Capital Reg","{"Population": 449811}"
778,Makati,PHL,"National Capital Reg","{"Population": 444867}"
779,Bacolod,PHL,"Western Visayas","{"Population": 429076}"
780,"General Santos",PHL,"Southern Mindanao","{"Population": 411822}"
781,Marikina,PHL,"National Capital Reg","{"Population": 391170}"
782,Dasmariñas,PHL,"Southern Tagalog","{"Population": 379520}"
783,Muntinlupa,PHL,"National Capital Reg","{"Population": 379310}"
784,Iloilo,PHL,"Western Visayas","{"Population": 365820}"
785,Pasay,PHL,"National Capital Reg","{"Population": 354908}"
786,Malabon,PHL,"National Capital Reg","{"Population": 338855}"
787,"San José del Monte",PHL,"Central Luzon","{"Population": 315807}"
788,Bacoor,PHL,"Southern Tagalog","{"Population": 305699}"
789,Iligan,PHL,"Central Mindanao","{"Population": 285061}"
790,Calamba,PHL,"Southern Tagalog","{"Population": 281146}"
791,Mandaluyong,PHL,"National Capital Reg","{"Population": 278474}"
792,Butuan,PHL,Caraga,"{"Population": 267279}"
793,Angeles,PHL,"Central Luzon","{"Population": 263971}"
794,Tarlac,PHL,"Central Luzon","{"Population": 262481}"
795,Mandaue,PHL,"Central Visayas","{"Population": 259728}"
796,Baguio,PHL,CAR,"{"Population": 252386}"
797,Batangas,PHL,"Southern Tagalog","{"Population": 247588}"
798,Cainta,PHL,"Southern Tagalog","{"Population": 242511}"
799,"San Pedro",PHL,"Southern Tagalog","{"Population": 231403}"
800,Navotas,PHL,"National Capital Reg","{"Population": 230403}"
801,Cabanatuan,PHL,"Central Luzon","{"Population": 222859}"
802,"San Fernando",PHL,"Central Luzon","{"Population": 221857}"
803,Lipa,PHL,"Southern Tagalog","{"Population": 218447}"
804,Lapu-Lapu,PHL,"Central Visayas","{"Population": 217019}"
805,"San Pablo",PHL,"Southern Tagalog","{"Population": 207927}"
806,Biñan,PHL,"Southern Tagalog","{"Population": 201186}"
807,Taytay,PHL,"Southern Tagalog","{"Population": 198183}"
808,Lucena,PHL,"Southern Tagalog","{"Population": 196075}"
809,Imus,PHL,"Southern Tagalog","{"Population": 195482}"
810,Olongapo,PHL,"Central Luzon","{"Population": 194260}"
811,Binangonan,PHL,"Southern Tagalog","{"Population": 187691}"
812,"Santa Rosa",PHL,"Southern Tagalog","{"Population": 185633}"
813,Tagum,PHL,"Southern Mindanao","{"Population": 179531}"
814,Tacloban,PHL,"Eastern Visayas","{"Population": 178639}"
815,Malolos,PHL,"Central Luzon","{"Population": 175291}"
816,Mabalacat,PHL,"Central Luzon","{"Population": 171045}"
817,Cotabato,PHL,"Central Mindanao","{"Population": 163849}"
818,Meycauayan,PHL,"Central Luzon","{"Population": 163037}"
819,"Puerto Princesa",PHL,"Southern Tagalog","{"Population": 161912}"
820,Legazpi,PHL,Bicol,"{"Population": 157010}"
821,Silang,PHL,"Southern Tagalog","{"Population": 156137}"
822,Ormoc,PHL,"Eastern Visayas","{"Population": 154297}"
823,"San Carlos",PHL,Ilocos,"{"Population": 154264}"
824,Kabankalan,PHL,"Western Visayas","{"Population": 149769}"
825,Talisay,PHL,"Central Visayas","{"Population": 148110}"
826,Valencia,PHL,"Northern Mindanao","{"Population": 147924}"
827,Calbayog,PHL,"Eastern Visayas","{"Population": 147187}"
828,"Santa Maria",PHL,"Central Luzon","{"Population": 144282}"
829,Pagadian,PHL,"Western Mindanao","{"Population": 142515}"
830,Cadiz,PHL,"Western Visayas","{"Population": 141954}"
831,Bago,PHL,"Western Visayas","{"Population": 141721}"
832,Toledo,PHL,"Central Visayas","{"Population": 141174}"
833,Naga,PHL,Bicol,"{"Population": 137810}"
834,"San Mateo",PHL,"Southern Tagalog","{"Population": 135603}"
835,Panabo,PHL,"Southern Mindanao","{"Population": 133950}"
836,Koronadal,PHL,"Southern Mindanao","{"Population": 133786}"
837,Marawi,PHL,"Central Mindanao","{"Population": 131090}"
838,Dagupan,PHL,Ilocos,"{"Population": 130328}"
839,Sagay,PHL,"Western Visayas","{"Population": 129765}"
840,Roxas,PHL,"Western Visayas","{"Population": 126352}"
841,Lubao,PHL,"Central Luzon","{"Population": 125699}"
842,Digos,PHL,"Southern Mindanao","{"Population": 125171}"
843,"San Miguel",PHL,"Central Luzon","{"Population": 123824}"
844,Malaybalay,PHL,"Northern Mindanao","{"Population": 123672}"
845,Tuguegarao,PHL,"Cagayan Valley","{"Population": 120645}"
846,Ilagan,PHL,"Cagayan Valley","{"Population": 119990}"
847,Baliuag,PHL,"Central Luzon","{"Population": 119675}"
848,Surigao,PHL,Caraga,"{"Population": 118534}"
849,"San Carlos",PHL,"Western Visayas","{"Population": 118259}"
850,"San Juan del Monte",PHL,"National Capital Reg","{"Population": 117680}"
851,Tanauan,PHL,"Southern Tagalog","{"Population": 117539}"
852,Concepcion,PHL,"Central Luzon","{"Population": 115171}"
853,"Rodriguez (Montalban)",PHL,"Southern Tagalog","{"Population": 115167}"
854,Sariaya,PHL,"Southern Tagalog","{"Population": 114568}"
855,Malasiqui,PHL,Ilocos,"{"Population": 113190}"
856,"General Mariano Alvarez",PHL,"Southern Tagalog","{"Population": 112446}"
857,Urdaneta,PHL,Ilocos,"{"Population": 111582}"
858,Hagonoy,PHL,"Central Luzon","{"Population": 111425}"
859,"San Jose",PHL,"Southern Tagalog","{"Population": 111009}"
860,Polomolok,PHL,"Southern Mindanao","{"Population": 110709}"
861,Santiago,PHL,"Cagayan Valley","{"Population": 110531}"
862,Tanza,PHL,"Southern Tagalog","{"Population": 110517}"
863,Ozamis,PHL,"Northern Mindanao","{"Population": 110420}"
864,Mexico,PHL,"Central Luzon","{"Population": 109481}"
865,"San Jose",PHL,"Central Luzon","{"Population": 108254}"
866,Silay,PHL,"Western Visayas","{"Population": 107722}"
867,"General Trias",PHL,"Southern Tagalog","{"Population": 107691}"
868,Tabaco,PHL,Bicol,"{"Population": 107166}"
869,Cabuyao,PHL,"Southern Tagalog","{"Population": 106630}"
870,Calapan,PHL,"Southern Tagalog","{"Population": 105910}"
871,Mati,PHL,"Southern Mindanao","{"Population": 105908}"
872,Midsayap,PHL,"Central Mindanao","{"Population": 105760}"
873,Cauayan,PHL,"Cagayan Valley","{"Population": 103952}"
874,Gingoog,PHL,"Northern Mindanao","{"Population": 102379}"
875,Dumaguete,PHL,"Central Visayas","{"Population": 102265}"
876,"San Fernando",PHL,Ilocos,"{"Population": 102082}"
877,Arayat,PHL,"Central Luzon","{"Population": 101792}"
878,"Bayawan (Tulong)",PHL,"Central Visayas","{"Population": 101391}"
879,Kidapawan,PHL,"Central Mindanao","{"Population": 101205}"
880,"Daraga (Locsin)",PHL,Bicol,"{"Population": 101031}"
881,Marilao,PHL,"Central Luzon","{"Population": 101017}"
882,Malita,PHL,"Southern Mindanao","{"Population": 100000}"
883,Dipolog,PHL,"Western Mindanao","{"Population": 99862}"
884,Cavite,PHL,"Southern Tagalog","{"Population": 99367}"
885,Danao,PHL,"Central Visayas","{"Population": 98781}"
886,Bislig,PHL,Caraga,"{"Population": 97860}"
887,Talavera,PHL,"Central Luzon","{"Population": 97329}"
888,Guagua,PHL,"Central Luzon","{"Population": 96858}"
889,Bayambang,PHL,Ilocos,"{"Population": 96609}"
890,Nasugbu,PHL,"Southern Tagalog","{"Population": 96113}"
891,Baybay,PHL,"Eastern Visayas","{"Population": 95630}"
892,Capas,PHL,"Central Luzon","{"Population": 95219}"
893,"Sultan Kudarat",PHL,ARMM,"{"Population": 94861}"
894,Laoag,PHL,Ilocos,"{"Population": 94466}"
895,Bayugan,PHL,Caraga,"{"Population": 93623}"
896,Malungon,PHL,"Southern Mindanao","{"Population": 93232}"
897,"Santa Cruz",PHL,"Southern Tagalog","{"Population": 92694}"
898,Sorsogon,PHL,Bicol,"{"Population": 92512}"
899,Candelaria,PHL,"Southern Tagalog","{"Population": 92429}"
900,Ligao,PHL,Bicol,"{"Population": 90603}"
901,Tórshavn,FRO,Streymoyar,"{"Population": 14542}"
902,Libreville,GAB,Estuaire,"{"Population": 419000}"
903,Serekunda,GMB,"Kombo St Mary","{"Population": 102600}"
904,Banjul,GMB,Banjul,"{"Population": 42326}"
905,Tbilisi,GEO,Tbilisi,"{"Population": 1235200}"
906,Kutaisi,GEO,Imereti,"{"Population": 240900}"
907,Rustavi,GEO,"Kvemo Kartli","{"Population": 155400}"
908,Batumi,GEO,"Adzaria [Atšara]","{"Population": 137700}"
909,Sohumi,GEO,"Abhasia [Aphazeti]","{"Population": 111700}"
910,Accra,GHA,"Greater Accra","{"Population": 1070000}"
911,Kumasi,GHA,Ashanti,"{"Population": 385192}"
912,Tamale,GHA,Northern,"{"Population": 151069}"
913,Tema,GHA,"Greater Accra","{"Population": 109975}"
914,Sekondi-Takoradi,GHA,Western,"{"Population": 103653}"
915,Gibraltar,GIB,–,"{"Population": 27025}"
916,"Saint George´s",GRD,"St George","{"Population": 4621}"
917,Nuuk,GRL,Kitaa,"{"Population": 13445}"
918,"Les Abymes",GLP,Grande-Terre,"{"Population": 62947}"
919,Basse-Terre,GLP,Basse-Terre,"{"Population": 12433}"
920,Tamuning,GUM,–,"{"Population": 9500}"
921,Agaña,GUM,–,"{"Population": 1139}"
922,"Ciudad de Guatemala",GTM,Guatemala,"{"Population": 823301}"
923,Mixco,GTM,Guatemala,"{"Population": 209791}"
924,"Villa Nueva",GTM,Guatemala,"{"Population": 101295}"
925,Quetzaltenango,GTM,Quetzaltenango,"{"Population": 90801}"
926,Conakry,GIN,Conakry,"{"Population": 1090610}"
927,Bissau,GNB,Bissau,"{"Population": 241000}"
928,Georgetown,GUY,Georgetown,"{"Population": 254000}"
929,Port-au-Prince,HTI,Ouest,"{"Population": 884472}"
930,Carrefour,HTI,Ouest,"{"Population": 290204}"
931,Delmas,HTI,Ouest,"{"Population": 240429}"
932,Le-Cap-Haïtien,HTI,Nord,"{"Population": 102233}"
933,Tegucigalpa,HND,"Distrito Central","{"Population": 813900}"
934,"San Pedro Sula",HND,Cortés,"{"Population": 383900}"
935,"La Ceiba",HND,Atlántida,"{"Population": 89200}"
936,"Kowloon and New Kowloon",HKG,"Kowloon and New Kowl","{"Population": 1987996}"
937,Victoria,HKG,Hongkong,"{"Population": 1312637}"
938,Longyearbyen,SJM,Länsimaa,"{"Population": 1438}"
939,Jakarta,IDN,"Jakarta Raya","{"Population": 9604900}"
940,Surabaya,IDN,"East Java","{"Population": 2663820}"
941,Bandung,IDN,"West Java","{"Population": 2429000}"
942,Medan,IDN,"Sumatera Utara","{"Population": 1843919}"
943,Palembang,IDN,"Sumatera Selatan","{"Population": 1222764}"
944,Tangerang,IDN,"West Java","{"Population": 1198300}"
945,Semarang,IDN,"Central Java","{"Population": 1104405}"
946,"Ujung Pandang",IDN,"Sulawesi Selatan","{"Population": 1060257}"
947,Malang,IDN,"East Java","{"Population": 716862}"
948,"Bandar Lampung",IDN,Lampung,"{"Population": 680332}"
949,Bekasi,IDN,"West Java","{"Population": 644300}"
950,Padang,IDN,"Sumatera Barat","{"Population": 534474}"
951,Surakarta,IDN,"Central Java","{"Population": 518600}"
952,Banjarmasin,IDN,"Kalimantan Selatan","{"Population": 482931}"
953,"Pekan Baru",IDN,Riau,"{"Population": 438638}"
954,Denpasar,IDN,Bali,"{"Population": 435000}"
955,Yogyakarta,IDN,Yogyakarta,"{"Population": 418944}"
956,Pontianak,IDN,"Kalimantan Barat","{"Population": 409632}"
957,Samarinda,IDN,"Kalimantan Timur","{"Population": 399175}"
958,Jambi,IDN,Jambi,"{"Population": 385201}"
959,Depok,IDN,"West Java","{"Population": 365200}"
960,Cimahi,IDN,"West Java","{"Population": 344600}"
961,Balikpapan,IDN,"Kalimantan Timur","{"Population": 338752}"
962,Manado,IDN,"Sulawesi Utara","{"Population": 332288}"
963,Mataram,IDN,"Nusa Tenggara Barat","{"Population": 306600}"
964,Pekalongan,IDN,"Central Java","{"Population": 301504}"
965,Tegal,IDN,"Central Java","{"Population": 289744}"
966,Bogor,IDN,"West Java","{"Population": 285114}"
967,Ciputat,IDN,"West Java","{"Population": 270800}"
968,Pondokgede,IDN,"West Java","{"Population": 263200}"
969,Cirebon,IDN,"West Java","{"Population": 254406}"
970,Kediri,IDN,"East Java","{"Population": 253760}"
971,Ambon,IDN,Molukit,"{"Population": 249312}"
972,Jember,IDN,"East Java","{"Population": 218500}"
973,Cilacap,IDN,"Central Java","{"Population": 206900}"
974,Cimanggis,IDN,"West Java","{"Population": 205100}"
975,"Pematang Siantar",IDN,"Sumatera Utara","{"Population": 203056}"
976,Purwokerto,IDN,"Central Java","{"Population": 202500}"
977,Ciomas,IDN,"West Java","{"Population": 187400}"
978,Tasikmalaya,IDN,"West Java","{"Population": 179800}"
979,Madiun,IDN,"East Java","{"Population": 171532}"
980,Bengkulu,IDN,Bengkulu,"{"Population": 146439}"
981,Karawang,IDN,"West Java","{"Population": 145000}"
982,"Banda Aceh",IDN,Aceh,"{"Population": 143409}"
983,Palu,IDN,"Sulawesi Tengah","{"Population": 142800}"
984,Pasuruan,IDN,"East Java","{"Population": 134019}"
985,Kupang,IDN,"Nusa Tenggara Timur","{"Population": 129300}"
986,"Tebing Tinggi",IDN,"Sumatera Utara","{"Population": 129300}"
987,"Percut Sei Tuan",IDN,"Sumatera Utara","{"Population": 129000}"
988,Binjai,IDN,"Sumatera Utara","{"Population": 127222}"
989,Sukabumi,IDN,"West Java","{"Population": 125766}"
990,Waru,IDN,"East Java","{"Population": 124300}"
991,"Pangkal Pinang",IDN,"Sumatera Selatan","{"Population": 124000}"
992,Magelang,IDN,"Central Java","{"Population": 123800}"
993,Blitar,IDN,"East Java","{"Population": 122600}"
994,Serang,IDN,"West Java","{"Population": 122400}"
995,Probolinggo,IDN,"East Java","{"Population": 120770}"
996,Cilegon,IDN,"West Java","{"Population": 117000}"
997,Cianjur,IDN,"West Java","{"Population": 114300}"
998,Ciparay,IDN,"West Java","{"Population": 111500}"
999,Lhokseumawe,IDN,Aceh,"{"Population": 109600}"
1000,Taman,IDN,"East Java","{"Population": 107000}"
